Workbook

Sheet 研发岗
B1: 季度绩效评价表
B2: 姓名： 王新骏 岗位： 高级前端开发 部门： 物流服务交付事业群/业务平台事业部/前端部/结算前端组
B3: 评价维度 | C3: 权重（%） | D3: 成果总结 | E3: 自评 | F3: 上级评分 | G3: 最终得分 （上级评分*权重）
B4: 本部门重点项目贡献 | C4: 0.3 | D4: =研发岗明细!H4 -> 任务完成率：承接需求迭代、问题修复等任务共 40 余项，覆盖 3PL 结算平台（logisticsweb）、4PL 管理后台（platformweb）、货主端 APP（wlyd-app-consigner）等业务线，整体任务按计划完成率达 95% 以上，个别项因需求变更调整后仍按期交付。 交付质量：所有上线需求均通过测试验证，未出现线上重大缺陷及用户体验问题，项目整体交付达成率 100%，保障系统稳定运行。 | E4: 96 | F4: =研发岗明细!N4 -> 7.2 | G4: =F4*C4 -> 2.16
B5: 岗位核心职责完成情况 | C5: 0.4 | D5: =研发岗明细!H7 -> 无生产事故及核心用户体验问题，上线后系统运行稳定 提测后无重大 Bug，每次提测前均进行自测与 ESLint 校验 需求改动同步维护改动清单与接口说明文档，技术文档完整准确 严格遵循产研部发布的工作流程与规范，全流程合规度 100% | E5: 96 | F5: =研发岗明细!N7 -> 7.2 | G5: =F5*C5 -> 2.88
B6: 价值观及行为（包括但不限于团队协作、扛责担当、客户导向、人才发展（包括带教新人、知识传承、自我学习与提升）等） | C6: 0.3 | D6: =研发岗明细!H12 -> 责任心与协作：积极主动承接各项任务，与产品、测试、后端同事紧密协作，主动同步进度、对齐风险，保障跨端联调与上线流程顺畅 主动思考与沟通：独立思考需求实现方案，主动与业务方沟通，逻辑清晰，能快速对齐认知并推动问题解决 团队协作：主动配合团队安排，分享前端开发规范、接口文档梳理等经验 扛责担当：面对线上问题主动承担责任，积极推动定位与解决，不回避挑战，以务实态度保障项目进度 人才发展：保持基础学习行为，配合输出接口文档、改动清单、开发总结等知识内容 | E6: 95 | F6: =研发岗明细!N12 -> 7.12 | G6: =F6*C6 -> 2.136
B7: 总分 | G7: =SUM(G4:G6) -> 7.176
B8: 员工签字： 签字日期： | D8: 直接上级签字： 签字日期：

Sheet 研发岗明细
B1: 季度绩效评价表
B2: 姓名： 王新骏 岗位： 高级前端开发 部门：物流服务交付事业群/业务平台事业部/前端部/结算前端组
B3: 评价维度 | C3: 绩效指标 | D3: 整体权重 | E3: 指标定义/说明 | F3: 权重（%） | G3: 目标值 | H3: 成果总结 | I3: 评分标准 | J3: 自评 （百分制） | K3: 上级评分（百分制） | L3: 部门评分 | M3: 得分 | N3: 总分
B4: 本部门重点项目贡献 | C4: 项目/任务指标 | D4: 1 | E4: 工作任务按计划、交付标准完成率 | F4: 0.6 | G4: 100 | H4: 任务完成率：承接需求迭代、问题修复等任务共 40 余项，覆盖 3PL 结算平台（logisticsweb）、4PL 管理后台（platformweb）、货主端 APP（wlyd-app-consigner）等业务线，整体任务按计划完成率达 95% 以上，个别项因需求变更调整后仍按期交付。 交付质量：所有上线需求均通过测试验证，未出现线上重大缺陷及用户体验问题，项目整体交付达成率 100%，保障系统稳定运行。 | I4: 满分100：包含以下二项内容： （一）工作任务完成率满分70 1、工作任务按计划完成率大于90% 60-70 2、工作任务按计划完成率 80%-90% 50-59 3、工作任务按计划完成率 70%-80% 40-49 4、工作任务按计划完成率 小于70% 40以下 （二）工作质量 满分30分，每个重大缺陷扣10分 大于3次重大缺陷时，（一）（二）两项均记为0分 | J4: 90 | M4: =J4*0.1+K4*0.9 -> 9 | N4: =(M4*F4+M5*F5)*0.8+L4*0.2 -> 7.2
E5: 任务所属项目按计划、交付标准达成率 | F5: 0.4 | G5: 100 | I5: 1、项目按时保质交付上线90-100 2、项目交付时间每次延迟时间小于10%扣5分，大于10%以上扣10分 说明：因新增，变更需求（PCR通过审核），按调整后的项目完成时间为准 | J5: 90 | M5: =J5*0.1+K5*0.9 -> 9
B7: 岗位核心职责完成情况 | C7: 交付质量 | D7: 1 | E7: 用户体验、生产问题 | F7: 0.3 | G7: 100 | H7: 无生产事故及核心用户体验问题，上线后系统运行稳定 提测后无重大 Bug，每次提测前均进行自测与 ESLint 校验 需求改动同步维护改动清单与接口说明文档，技术文档完整准确 严格遵循产研部发布的工作流程与规范，全流程合规度 100% | I7: 交付质量，满分100 无生产问题，无用户体验问题，90-100分； 不构成生产问题，但对用户体验有影响，80-89分； 造成关键功能、数据影响，但快速修复，60-79分； 造成生产线事故，60分以下 | J7: 90 | M7: =J7*0.1+K7*0.9 -> 9 | N7: =(M7*F7+M8*F8+M9*F9+M10*F10)*0.8+L7*0.2 -> 7.2
C8: 专业技术指标 | E8: 代码缺陷率，依据任务提测后的测试组提交的缺陷数量 | F8: 0.3 | G8: 100 | I8: 满分100，超过目标值一个，至少扣10分，出现重大bug，至少扣20分 | J8: 90 | M8: =J8*0.1+K8*0.9 -> 9
E9: 技术文档（设计、接口文档\测试用例）的完整、有效、正确编制 | F9: 0.3 | G9: 100 | I9: 满分100，每次不符合要求，至少扣5分 | J9: 90 | M9: =J9*0.1+K9*0.9 -> 9
C10: 流程规范 | E10: 工作流程、规范符合度 | F10: 0.1 | G10: 100 | I10: 依据产研部发布的《工作流程、规范》要求，每次不符合规范流程，以规范中的扣分标准执行；规范中未明确的情况，根据实际情况补充发布的规范扣分 | J10: 90 | M10: =J10*0.1+K10*0.9 -> 9
B12: 价值观及行为 | C12: 责任心与协作 | D12: 1 | E12: 工作职责与分工、高效协作、执行力、主动性 | F12: 0.3 | G12: 100 | H12: 责任心与协作：积极主动承接各项任务，与产品、测试、后端同事紧密协作，主动同步进度、对齐风险，保障跨端联调与上线流程顺畅 主动思考与沟通：独立思考需求实现方案，主动与业务方沟通，逻辑清晰，能快速对齐认知并推动问题解决 团队协作：主动配合团队安排，分享前端开发规范、接口文档梳理等经验 扛责担当：面对线上问题主动承担责任，积极推动定位与解决，不回避挑战，以务实态度保障项目进度 人才发展：保持基础学习行为，配合输出接口文档、改动清单、开发总结等知识内容 | I12: 1、积极主动执行工作任务并主动做好团队成员间的协同分工，工作执行效果经常超出上级预期（90-100分） 2、按上级要求执行安排的工作任务，可以与团队成员做好协作分工，工作执行效果符合预期（80-89分） 3、未完全按上级要求执行工作任务，团队协作分工中表现一般，偶尔还需要在领导的指导下才可完成任务或偶尔不能完成任务（70-79分） 4、未完全按上级要求执行工作任务，团队协作性较差，需在领导的多次指导下才可完成或经常性的完不成任务（60-69分） 5、完全不按照上级的要求执行工作任务，完全没有团队协作意识，工作任务完成质量差或总是的不成任务（60分以下） | J12: 90 | M12: =J12*0.1+K12*0.9 -> 9 | N12: =(M12*F12+M13*F13+M14*F14+M15*F15+M16*F16+M17*F17)*0.8+L12*0.2 -> 7.12
C13: 主动思考与沟通 | E13: 主动思考工作内容、方法； 主动与工作对象沟通 | F13: 0.2 | G13: 100 | I13: 1、独立主动思考问题解决办法，主动与工作伙伴进行沟通，沟通简明扼要，易于理解；（90-100分） 2、在上级的指引下才能思考出问题的解决办法，与工作伙伴基于工作任务的正常沟通，重点突出，较容易理解；（80-89分） 3、需要上级较多的指引共同思考问题的解决办法，与工作伙伴只是基于工作问题的沟通，沟通效果一般，需要重复说明，对方才能明白；（70-79分） 4、需要上级较多的指引共同思考问题的解决办法，与工作伙伴沟通较少，语言组织欠清晰，但尚能表达出意图，有时需要反复解释；（60-69分） 5、不能独立思考问题的解决办法，与工作伙伴沟通较少，口头表达含糊其辞，根本表达不清（60分以下） 根据员工思考问题及沟通方面的表现综合评分 | J13: 90 | M13: =J13*0.1+K13*0.9 -> 9
C14: 团队协作 | E14: 主动配合团队工作、分享产品经验 / 知识（如内部分享、案例输出）、协助同事解决工作难题的表现 | F14: 0.2 | G14: 100 | I14: 1：主动发起团队协作，高频分享有价值经验，积极协助同事解决复杂难题，成为团队协作核心角色（90-100分） 2：积极配合团队安排，主动分享经验，能协助同事解决常规难题，无协作推诿情况（80-89分） 3：配合团队基础协作要求，偶尔分享经验，同事求助时能提供基础协助，无明显协作问题（70-79分） 4：被动参与协作，较少分享经验，同事求助时响应消极，存在轻微协作推诿（60-69 分） 5：拒绝配合团队协作，不分享经验，回避同事求助，严重影响团队协作效率（60分以下） | J14: 90 | M14: =J14*0.1+K14*0.9 -> 9
C15: 扛责担当 | E15: 面对工作问题（如需求偏差、项目风险）的态度，及关键任务的承接表现 | F15: 0.1 | G15: 100 | I15: 1：主动发现并承担问题责任，积极推动解决方案，主动争抢关键 / 困难任务，不回避挑战（90-100分） 2：不推诿已发现的问题责任，能配合推动解决，关键任务安排后能积极承接，不抱怨（80-89分） 3：不主动承担额外责任，但自身负责范围内的问题不推诿，关键任务安排后能接受，无明显抵触（70-79分） 4：自身负责范围内的问题偶尔推诿，关键任务安排后被动接受，存在抱怨情绪（60-69 分） 5：频繁推诿各类问题责任，拒绝承接关键任务，回避工作挑战，影响任务推进（60分以下） | J15: 90 | M15: =J15*0.1+K15*0.9 -> 9
C16: 客户导向 | E16: 关注业务方 / 用户需求，及基于反馈优化工作的表现 | F16: 0.1 | G16: 100 | I16: 1：主动高频对接客户获取反馈，深度分析需求痛点，主动推动基于反馈的产品优化，获得客户高度认可（90-100分） 2：定期对接客户获取反馈，能分析反馈并推动基础优化，客户无负面评价（80-89分） 3：按要求对接客户获取反馈，能响应反馈并做简单调整，客户无明显负面评价（70-79分） 4：需提醒才对接客户，反馈收集不完整，仅部分响应反馈，客户存在轻微负面评价（60-69 分） 5. 拒绝对接客户，不收集反馈，无视客户需求，客户存在严重负面评价（60分以下） | J16: 85 | M16: =J16*0.1+K16*0.9 -> 8.5
C17: 人才发展 | E17: 带教新人、自我学习提升、知识传承的综合表现 | F17: 0.1 | G17: 100 | I17: 1：主动带教新人并帮助其快速成长，自主规划高频学习（如课程、行业研究），主动输出高质量知识文档，成为团队学习 / 传承标杆（90-100分） 2：按要求带教新人并帮助其达标，有固定学习计划（如定期课程），按要求输出知识文档，无明显不足（80-89分） 3：带教新人时能解答疑问，有基础学习行为，能配合输出简单知识文档，基本达标（70-79分） 4：带教新人时敷衍解答，学习行为零散无计划，知识文档需多次催促才输出，质量较差（60-69 分） 5：拒绝带教新人，无学习行为，不输出知识文档，阻碍团队人才发展 / 知识传承（60分以下） | J17: 85 | M17: =J17*0.1+K17*0.9 -> 8.5
B18: 总分 | M18: =N4*0.3+N7*0.4+N12*0.3 -> 7.176
B19: 员工签字： 签字日期： | I19: 直接上级签字： 签字日期：
